file_name,point_on_screen,time_till_capture,monitor_mm,monitor_pixels
2025_03_09-02_07_35.jpg,"(820, 802)",0.26162195205688477,"(344, 194)","(1920, 1080)"
2025_03_09-02_07_51.jpg,"(1818, 7)",0.6338202953338623,"(344, 194)","(1920, 1080)"
2025_03_09-02_07_59.jpg,"(1418, 371)",0.5393569469451904,"(344, 194)","(1920, 1080)"
2025_03_09-02_08_14.jpg,"(1024, 807)",0.8410890102386475,"(344, 194)","(1920, 1080)"
2025_03_09-02_08_49.jpg,"(384, 570)",0.751763105392456,"(344, 194)","(1920, 1080)"
2025_03_09-02_09_12.jpg,"(1100, 1009)",0.8620977401733398,"(344, 194)","(1920, 1080)"
2025_03_09-02_09_20.jpg,"(513, 277)",0.5093040466308594,"(344, 194)","(1920, 1080)"
